id,name,price,breeds,is_for_dog,is_for_cat
7613036484770,cat food,28.773899656465005,Ragamuffin,1,0
87932003484,Premium Ice Cream,68.62905211172388,sealyham_terrier,0,1
4004218126435,Tetra bits,37.20832689418052,Korat,1,0
87932600010,"Pet, Ultra Pasteurized Half & Half",64.40222616104178,papillon,0,1
87932003606,Ice Cream,5.689583725497015,Canadian Hairless,1,0
41244241088,Apple juice pet,78.36027282908213,Devon Rex,1,0
30111493255,Puppy Food,0.08342580995326432,shetland_sheepdog,0,1
5060166591175,Chicken & Ocean Fish,12.439454721243731,labrador_retriever,0,1
4008429037986,Dreamies with Delicious Cheese,29.596021891694257,Devon Rex,1,0
8714265071362,Yarrah Bio chunks with chicken,6.207709093997222,Singapura,1,0
4047459007248,"Herrmann's creative mix, organic beef pure meat",8.959391428711408,Russian Blue,1,0
20665654,Coshida saftige Leckerbissen In Gelee,63.006284688202484,Dilute Calico,1,0
9003579310496,Turkey in gravy,14.167999229651393,Domestic Long Hair,1,0
5425007388084,softy minies,6.490157160661569,english_springer,0,1
8714265975264,"Adult cat food, chicken",17.6785611648407,Russian Blue,1,0
87932003484,Premium Ice Cream,38.7827262355788,sussex_spaniel,0,1
29046201,Topic Katzenfutter,35.18092483340327,American Curl,1,0
4305615476261,Rind & frische leber,27.055597665749758,beagle,0,1
4004218126435,Tetra bits,6.249913842293752,Oriental Long Hair,1,0
87932003361,"Pet, reduced fat cultured buttermilk",57.600678907649026,welsh_springer_spaniel,0,1
8714265973116,Pâté poulet,10.007150832196995,Siberian,1,0
41244241088,Apple juice pet,21.970513737026668,Chausie,1,0
7613036484770,cat food,83.40356209087805,Calico,1,0
8714265071362,Yarrah Bio chunks with chicken,68.34983854837421,Russian Blue,1,0
8714265973116,Pâté poulet,11.025364852485087,Cymric,1,0
7613035525641,Purina one poulet bœuf saumon dinde,76.07831223126739,Norwegian Forest Cat,1,0
3182550720854,Neutered young female,38.839565719955594,Siamese,1,0
7613036484770,cat food,65.36429248361651,Birman,1,0
4305615476261,Rind & frische leber,7.248822961304971,pomeranian,0,1
8714265973116,Pâté poulet,43.77997817722501,British Shorthair,1,0
87932003590,"Pet, Limited Edition Home Made Style Ice Cream, Mississippi Mud Pie",34.64818060253212,labrador_retriever,0,1
7613033663246,Purina chaton,17.555741298980347,Japanese Bobtail,1,0
73657009290,Classic Crafted Meals,6.834276642902684,english_springer,0,1
9003579310496,Turkey in gravy,7.244229300845583,Bengal,1,0
41244241088,Apple juice pet,77.52873247481502,Domestic Long Hair,1,0
87932003361,"Pet, reduced fat cultured buttermilk",3.754427632845825,italian_greyhound,0,1
8714265973116,Pâté poulet,70.9812491465251,Chartreux,1,0
7613035220805,ProPlan Renal Function with chicken,8.847658723309335,Maine Coon,1,0
73657010920,oven baked dog biscuits,55.24499216229687,borzoi,0,1
8714265071362,Yarrah Bio chunks with chicken,2.513604925687593,Singapura,1,0
87932003606,Ice Cream,20.012266334387654,Chinchilla,1,0
7613035220805,ProPlan Renal Function with chicken,20.587141787526317,Calico,1,0
87932003309,"Pet, 2% reduced fat milk",50.98604617861327,Oriental Long Hair,1,0
55800249500,One Smart Blend Lamb & Rice Formula,12.36163890073219,sealyham_terrier,0,1
3182550720854,Neutered young female,1.4580848427941362,Chausie,1,0
3182550720854,Neutered young female,4.3645094330892995,Munchkin,1,0
8714265975264,"Adult cat food, chicken",20.316292961101198,Turkish Van,1,0
87932003477,Cream Bars,11.559700924085565,boxer,0,1
9003579000458,Renal with chicken,7.554547578148308,Turkish Angora,1,0
46798771272,Goldfish,6.055274471337997,Maine Coon,1,0
8714265071362,Yarrah Bio chunks with chicken,18.209327795348095,Cornish Rex,1,0
1810295,Plain tortilla wraps,16.264762185356897,japanese_spaniel,0,1
87932003309,"Pet, 2% reduced fat milk",16.431331351734116,Norwegian Forest Cat,1,0
5060122492072,Chicken breast with wild rice,4.746258894821538,Chausie,1,0
87932600010,"Pet, Ultra Pasteurized Half & Half",13.236855575942869,labrador_retriever,0,1
8410100070322,purina friskies,87.53474747404331,curly-coated_retriever,0,1
87932000278,"Pet, Orange Juice",1.2807645778928998,Oriental Long Hair,1,0
87932600010,"Pet, Ultra Pasteurized Half & Half",67.50735392930697,bloodhound,0,1
3182550720854,Neutered young female,38.28707578086815,Tabby,1,0
8001154125603,Daily with chicken,20.3255458505931,Selkirk Rex,1,0
4305615476261,Rind & frische leber,0.24872637658628793,african_hunting_dog,0,1
46798771272,Goldfish,58.38227316446619,Bengal,1,0
87932003590,"Pet, Limited Edition Home Made Style Ice Cream, Mississippi Mud Pie",9.5734700862263,dandie_dinmont,0,1
8410100070322,purina friskies,58.573022809894965,pomeranian,0,1
8001154125603,Daily with chicken,53.71526945507846,Somali,1,0
46798771272,Goldfish,6.484869771192578,Munchkin,1,0
8000066444505,Minestra di Vegatali,69.60918695137555,miniature_poodle,0,1
4305615476261,Rind & frische leber,0.05182354312848636,kuvasz,0,1
87932003361,"Pet, reduced fat cultured buttermilk",13.376067626500063,african_hunting_dog,0,1
7613033663246,Purina chaton,36.96916526549941,Havana,1,0
56366105712,Cat Food - Chicken & Seafood Combo,71.7847181204674,Devon Rex,1,0
8000066444505,Minestra di Vegatali,3.123002334121166,bloodhound,0,1
7613033663246,Purina chaton,39.31329600949181,Singapura,1,0
87932600010,"Pet, Ultra Pasteurized Half & Half",3.134238959105484,english_springer,0,1
87932600515,"Pet, 2% reduced fat milk",7.776807703416683,schipperke,0,1
4008429037986,Dreamies with Delicious Cheese,37.985265372068255,Korat,1,0
87932600515,"Pet, 2% reduced fat milk",6.03977387811875,sussex_spaniel,0,1
7613036484770,cat food,24.234550848389052,Calico,1,0
41244241088,Apple juice pet,3.1409907860300588,Torbie,1,0
9003579310496,Turkey in gravy,49.91914789339342,Cornish Rex,1,0
73657010920,oven baked dog biscuits,21.773658237341145,kuvasz,0,1
4008429037986,Dreamies with Delicious Cheese,38.57441493240418,Canadian Hairless,1,0
8000066444505,Minestra di Vegatali,11.698554077189666,bloodhound,0,1
87932600010,"Pet, Ultra Pasteurized Half & Half",7.173241433110372,english_setter,0,1
30111493255,Puppy Food,11.623611490915442,golden_retriever,0,1
55800249500,One Smart Blend Lamb & Rice Formula,11.058062214981362,otterhound,0,1
87932000278,"Pet, Orange Juice",39.3144220755154,Cornish Rex,1,0
30111493255,Puppy Food,21.52733410901476,african_hunting_dog,0,1
87932000278,"Pet, Orange Juice",51.23628657584029,Tortoiseshell,1,0
87932003484,Premium Ice Cream,3.6605437545705364,shetland_sheepdog,0,1
5425007388084,softy minies,19.19578935963062,mexican_hairless,0,1
5425007388084,softy minies,10.13996211939373,pembroke,0,1
20665654,Coshida saftige Leckerbissen In Gelee,15.478576066563072,Exotic Shorthair,1,0
8000066444505,Minestra di Vegatali,3.3409177825963265,tibetan_terrier,0,1
87932600010,"Pet, Ultra Pasteurized Half & Half",3.9443375465003077,welsh_springer_spaniel,0,1
5060122492072,Chicken breast with wild rice,31.267921221434626,Siberian,1,0
7613035525641,Purina one poulet bœuf saumon dinde,13.647767661076537,Singapura,1,0
5060166591175,Chicken & Ocean Fish,83.62465315323516,dingo,0,1
41244241088,Apple juice pet,45.4926820213862,Exotic Shorthair,1,0
30111493255,Puppy Food,36.48804838821378,malamute,0,1
1810295,Plain tortilla wraps,10.340722546390872,tibetan_mastiff,0,1
4305615476261,Rind & frische leber,7.857958184482315,chihuahua,0,1
87932600010,"Pet, Ultra Pasteurized Half & Half",14.382791837086115,tibetan_terrier,0,1
87932600515,"Pet, 2% reduced fat milk",38.080469406891595,toy_terrier,0,1
7613035220805,ProPlan Renal Function with chicken,9.308071624748274,Javanese,1,0
56366105712,Cat Food - Chicken & Seafood Combo,13.76428583674838,Burmese,1,0
8000066444505,Minestra di Vegatali,28.872528907532676,norfolk_terrier,0,1
55800249500,One Smart Blend Lamb & Rice Formula,20.831897103470897,cocker_spaniel,0,1
87932003477,Cream Bars,3.8352973382179822,norwich_terrier,0,1
4004218126435,Tetra bits,13.648600527158228,Tabby,1,0
87932003590,"Pet, Limited Edition Home Made Style Ice Cream, Mississippi Mud Pie",4.322635929755197,norwich_terrier,0,1
8714265071362,Yarrah Bio chunks with chicken,6.882186610539235,Bengal,1,0
87932003484,Premium Ice Cream,39.81892921413993,collie,0,1
1810295,Plain tortilla wraps,17.865268860496293,leonberg,0,1
87932600515,"Pet, 2% reduced fat milk",47.42956539604662,borzoi,0,1
8714265973116,Pâté poulet,20.473695530113353,Birman,1,0
55800249500,One Smart Blend Lamb & Rice Formula,21.307778745339842,labrador_retriever,0,1
87932600010,"Pet, Ultra Pasteurized Half & Half",36.3510387147983,german_shepherd,0,1
5425007388084,softy minies,1.7384354868284868,shetland_sheepdog,0,1
87932003484,Premium Ice Cream,12.747782720312461,otterhound,0,1
41244241088,Apple juice pet,0.47106031987510955,Sphynx - Hairless Cat,1,0
5425007388084,softy minies,34.77324982298906,sussex_spaniel,0,1
7613035220805,ProPlan Renal Function with chicken,75.67572182528164,Birman,1,0
4008429037986,Dreamies with Delicious Cheese,24.113170189923082,Norwegian Forest Cat,1,0
20665654,Coshida saftige Leckerbissen In Gelee,42.50373949826945,Havana,1,0
6151100031389,nestle,50.51151004305312,Nebelung,1,0
9003579310496,Turkey in gravy,6.453366876171701,Cornish Rex,1,0
87932600515,"Pet, 2% reduced fat milk",2.1266592557119104,african_hunting_dog,0,1
87932003590,"Pet, Limited Edition Home Made Style Ice Cream, Mississippi Mud Pie",26.335344044061255,mexican_hairless,0,1
4047459007248,"Herrmann's creative mix, organic beef pure meat",20.877673914388204,British Shorthair,1,0
87932003477,Cream Bars,23.716898937208594,sealyham_terrier,0,1
7613033663246,Purina chaton,5.122407143280199,Munchkin,1,0
4008429037986,Dreamies with Delicious Cheese,29.864525180829506,Torbie,1,0
55800249500,One Smart Blend Lamb & Rice Formula,9.00818025341131,tibetan_terrier,0,1
46798771272,Goldfish,9.05252304224782,Birman,1,0
56366105712,Cat Food - Chicken & Seafood Combo,51.67464071636017,Chartreux,1,0
87932003477,Cream Bars,34.64523675865963,eskimo_dog,0,1
87932003484,Premium Ice Cream,90.83465714288383,eskimo_dog,0,1
87932003576,Birthday Cake Ice Cream Sandwiches,69.10122143445398,Selkirk Rex,1,0
55800249500,One Smart Blend Lamb & Rice Formula,10.244447450388254,old_english_sheepdog,0,1
87932003576,Birthday Cake Ice Cream Sandwiches,35.27968673503639,Bengal,1,0
56366105712,Cat Food - Chicken & Seafood Combo,0.9931113325283434,Dilute Calico,1,0
9003579310496,Turkey in gravy,17.475014729356992,Siberian,1,0
9003579000458,Renal with chicken,58.29481802462215,Sphynx - Hairless Cat,1,0
7613036484770,cat food,1.3271826207557047,Tortoiseshell,1,0
20665654,Coshida saftige Leckerbissen In Gelee,13.033429710065677,Cymric,1,0
8000066444505,Minestra di Vegatali,3.376359805147441,schipperke,0,1
8714265071362,Yarrah Bio chunks with chicken,1.0241043779716956,Tabby,1,0
46798771272,Goldfish,24.99519818022856,Bengal,1,0
7613035525641,Purina one poulet bœuf saumon dinde,26.26190054573194,Exotic Shorthair,1,0
3182550720854,Neutered young female,29.43190719473337,Domestic Medium Hair,1,0
87932003477,Cream Bars,0.7059783119806797,whippet,0,1
73657010920,oven baked dog biscuits,60.35503200581937,golden_retriever,0,1
4008429037986,Dreamies with Delicious Cheese,11.402703417987516,American Wirehair,1,0
8714265975264,"Adult cat food, chicken",15.349200432062938,Domestic Short Hair,1,0
8714265975264,"Adult cat food, chicken",46.045802172257964,American Shorthair,1,0
7613036484770,cat food,58.62445981838512,Siamese,1,0
5060122492072,Chicken breast with wild rice,23.6897665326979,Sphynx - Hairless Cat,1,0
87932003477,Cream Bars,6.569845518861341,kelpie,0,1
87932600515,"Pet, 2% reduced fat milk",13.46570024177962,dingo,0,1
9003579310496,Turkey in gravy,4.580269172700827,Singapura,1,0
9003579310496,Turkey in gravy,41.274404261830156,Birman,1,0
87932003484,Premium Ice Cream,24.076316875706784,weimaraner,0,1
8000066444505,Minestra di Vegatali,4.258681019139335,papillon,0,1
55800249500,One Smart Blend Lamb & Rice Formula,14.92859367975171,miniature_pinscher,0,1
87932003477,Cream Bars,66.87220903896765,papillon,0,1
5060166591175,Chicken & Ocean Fish,12.258724322835299,bloodhound,0,1
87932003309,"Pet, 2% reduced fat milk",8.080344384020833,Devon Rex,1,0
7613033663246,Purina chaton,44.565867291903686,Applehead Siamese,1,0
73657009290,Classic Crafted Meals,2.4274055750086077,bloodhound,0,1
9003579000458,Renal with chicken,10.095411308368474,Sphynx - Hairless Cat,1,0
29046201,Topic Katzenfutter,9.337780250731207,Tortoiseshell,1,0
20665654,Coshida saftige Leckerbissen In Gelee,15.555806771311246,Calico,1,0
8714265071362,Yarrah Bio chunks with chicken,32.067224118292245,Chartreux,1,0
4008429037986,Dreamies with Delicious Cheese,22.065736769040758,Bombay,1,0
87932003309,"Pet, 2% reduced fat milk",56.40602183269137,Sphynx - Hairless Cat,1,0
7613035525641,Purina one poulet bœuf saumon dinde,77.55234215627723,British Shorthair,1,0
8714265071362,Yarrah Bio chunks with chicken,42.04695735342633,Manx,1,0
8714265071362,Yarrah Bio chunks with chicken,63.09580145820534,Bengal,1,0
56366105712,Cat Food - Chicken & Seafood Combo,16.17297351141308,Devon Rex,1,0
73657010920,oven baked dog biscuits,77.53609750791595,miniature_poodle,0,1
41244241088,Apple juice pet,17.64624851386766,British Shorthair,1,0
4047459007248,"Herrmann's creative mix, organic beef pure meat",51.619531019581416,Calico,1,0
5425007388084,softy minies,51.449903048220825,toy_terrier,0,1
4008429037986,Dreamies with Delicious Cheese,15.00161583727788,Somali,1,0
3182550720854,Neutered young female,13.528912842380581,Calico,1,0
87932003590,"Pet, Limited Edition Home Made Style Ice Cream, Mississippi Mud Pie",3.320022282853188,eskimo_dog,0,1
8714265973116,Pâté poulet,55.32042565381758,Cymric,1,0
87932003477,Cream Bars,20.668971303201157,sealyham_terrier,0,1
87932003477,Cream Bars,38.68579028386389,weimaraner,0,1
41244241088,Apple juice pet,12.170561368223115,Siamese,1,0
7613033663246,Purina chaton,34.929560341917366,Applehead Siamese,1,0
87932600010,"Pet, Ultra Pasteurized Half & Half",21.226253412162787,entlebucher,0,1
87932003606,Ice Cream,3.9641382042340307,Siamese,1,0
5425007388084,softy minies,2.0300406109216165,weimaraner,0,1
87932003361,"Pet, reduced fat cultured buttermilk",27.15843780520812,mexican_hairless,0,1
8714265973116,Pâté poulet,25.32786350610405,Japanese Bobtail,1,0
6151100031389,nestle,13.892225916084794,York Chocolate,1,0
87932600010,"Pet, Ultra Pasteurized Half & Half",11.895043978145894,schipperke,0,1
87932003361,"Pet, reduced fat cultured buttermilk",11.054243409127647,kelpie,0,1
